{
  "baseline": {
    "recall@1": 0.04918032786885246,
    "recall@3": 0.10819672131147541,
    "recall@5": 0.13442622950819672,
    "recall@10": 0.18688524590163935,
    "mrr": 0.10428613716171412,
    "map": 0.10428613716171412
  },
  "custom": {
    "recall@1": 0.08852459016393442,
    "recall@3": 0.18688524590163935,
    "recall@5": 0.2754098360655738,
    "recall@10": 0.4491803278688525,
    "mrr": 0.1929346797821452,
    "map": 0.1929346797821452
  }
}